provider_parent_name,provider_org_name,total_waiting,over_18_weeks,over_52_weeks,over_104_weeks,breach_rate_pct
NHS HAMPSHIRE AND ISLE OF WIGHT INTEGRATED CARE BOARD,PIONEER HEALTHCARE LIMITED,715.0,633.0,207.0,2.0,88.5
NHS HAMPSHIRE AND ISLE OF WIGHT INTEGRATED CARE BOARD,SPIRE SOUTHAMPTON HOSPITAL,352.0,268.0,11.0,0.0,76.1
NHS HAMPSHIRE AND ISLE OF WIGHT INTEGRATED CARE BOARD,"NUFFIELD HEALTH, WESSEX HOSPITAL",610.0,438.0,3.0,0.0,71.8
NHS BLACK COUNTRY INTEGRATED CARE BOARD,MODALITY LLP,264.0,168.0,0.0,0.0,63.6
NHS CAMBRIDGESHIRE AND PETERBOROUGH INTEGRATED CARE BOARD,CAMBRIDGESHIRE AND PETERBOROUGH NHS FOUNDATION TRUST,196.0,123.0,8.0,0.0,62.8
NHS NORTH EAST AND NORTH CUMBRIA INTEGRATED CARE BOARD,"NUFFIELD HEALTH, NEWCASTLE UPON TYNE HOSPITAL",518.0,297.0,26.0,1.0,57.3
NHS HAMPSHIRE AND ISLE OF WIGHT INTEGRATED CARE BOARD,SPIRE PORTSMOUTH HOSPITAL,460.0,258.0,0.0,0.0,56.1
NHS CAMBRIDGESHIRE AND PETERBOROUGH INTEGRATED CARE BOARD,FITZWILLIAM HOSPITAL,6880.0,3835.0,165.0,0.0,55.7
NHS SUSSEX INTEGRATED CARE BOARD,"NUFFIELD HEALTH, BRIGHTON HOSPITAL",827.0,446.0,90.0,2.0,53.9
"NHS BUCKINGHAMSHIRE, OXFORDSHIRE AND BERKSHIRE WEST INTEGRATED CARE BOARD",SPIRE THAMES VALLEY HOSPITAL,493.0,264.0,9.0,0.0,53.5
NHS CAMBRIDGESHIRE AND PETERBOROUGH INTEGRATED CARE BOARD,THE HAMPTONS HOSPITAL LTD,914.0,487.0,41.0,0.0,53.3
"NHS BEDFORDSHIRE, LUTON AND MILTON KEYNES INTEGRATED CARE BOARD",MANOR HOSPITAL,660.0,343.0,5.0,0.0,52.0
NHS HAMPSHIRE AND ISLE OF WIGHT INTEGRATED CARE BOARD,HAMPSHIRE CLINIC,319.0,165.0,3.0,0.0,51.7
NHS SUFFOLK AND NORTH EAST ESSEX INTEGRATED CARE BOARD,ST EDMUNDS HOSPITAL,545.0,280.0,1.0,0.0,51.4
NHS STAFFORDSHIRE AND STOKE-ON-TRENT INTEGRATED CARE BOARD,"NUFFIELD HEALTH, NORTH STAFFORDSHIRE HOSPITAL",1328.0,682.0,10.0,0.0,51.4
NHS DEVON INTEGRATED CARE BOARD,"NUFFIELD HEALTH, EXETER HOSPITAL",416.0,208.0,46.0,14.0,50.0
NHS FRIMLEY INTEGRATED CARE BOARD,SPIRE CLARE PARK HOSPITAL,454.0,227.0,3.0,0.0,50.0
NHS LANCASHIRE AND SOUTH CUMBRIA INTEGRATED CARE BOARD,RENACRES HOSPITAL,5292.0,2635.0,41.0,0.0,49.8
NHS MID AND SOUTH ESSEX INTEGRATED CARE BOARD,MID AND SOUTH ESSEX NHS FOUNDATION TRUST,173977.0,85909.0,12120.0,30.0,49.4
NHS CAMBRIDGESHIRE AND PETERBOROUGH INTEGRATED CARE BOARD,"NUFFIELD HEALTH, CAMBRIDGE HOSPITAL",207.0,100.0,0.0,0.0,48.3
NHS SUSSEX INTEGRATED CARE BOARD,SPIRE MONTEFIORE HOSPITAL,610.0,288.0,10.0,0.0,47.2
"NHS SHROPSHIRE, TELFORD AND WREKIN INTEGRATED CARE BOARD",THE ROBERT JONES AND AGNES HUNT ORTHOPAEDIC HOSPITAL NHS FOUNDATION TRUST,23933.0,11059.0,2473.0,341.0,46.2
NHS BIRMINGHAM AND SOLIHULL INTEGRATED CARE BOARD,THE WESTBOURNE CENTRE,3666.0,1674.0,23.0,0.0,45.7
NHS SUSSEX INTEGRATED CARE BOARD,THE HORDER CENTRE - ST JOHNS ROAD,1247.0,570.0,6.0,0.0,45.7
NHS DERBY AND DERBYSHIRE INTEGRATED CARE BOARD,"NUFFIELD HEALTH, DERBY HOSPITAL",1162.0,531.0,24.0,0.0,45.7
NHS SUSSEX INTEGRATED CARE BOARD,"NUFFIELD HEALTH, HAYWARDS HEATH HOSPITAL",432.0,197.0,5.0,1.0,45.6
"NHS BRISTOL, NORTH SOMERSET AND SOUTH GLOUCESTERSHIRE INTEGRATED CARE BOARD",SPIRE BRISTOL HOSPITAL,755.0,344.0,8.0,0.0,45.6
NHS HAMPSHIRE AND ISLE OF WIGHT INTEGRATED CARE BOARD,SARUM ROAD HOSPITAL,343.0,155.0,2.0,0.0,45.2
NHS SUSSEX INTEGRATED CARE BOARD,UNIVERSITY HOSPITALS SUSSEX NHS FOUNDATION TRUST,112535.0,50526.0,3580.0,0.0,44.9
NHS SURREY HEARTLANDS INTEGRATED CARE BOARD,"NUFFIELD HEALTH, GUILDFORD HOSPITAL",141.0,63.0,5.0,3.0,44.7
NHS NORFOLK AND WAVENEY INTEGRATED CARE BOARD,JAMES PAGET UNIVERSITY HOSPITALS NHS FOUNDATION TRUST,32827.0,14610.0,1305.0,0.0,44.5
NHS SUSSEX INTEGRATED CARE BOARD,SUSSEX COMMUNITY NHS FOUNDATION TRUST,13174.0,5856.0,116.0,3.0,44.5
NHS SOUTH EAST LONDON INTEGRATED CARE BOARD,OVIVA UK LTD,9856.0,4378.0,170.0,0.0,44.4
NHS SOUTH EAST LONDON INTEGRATED CARE BOARD,OXLEAS NHS FOUNDATION TRUST,2079.0,920.0,312.0,0.0,44.3
NHS GREATER MANCHESTER INTEGRATED CARE BOARD,SPIRE MANCHESTER HOSPITAL,894.0,396.0,0.0,0.0,44.3
"NHS BEDFORDSHIRE, LUTON AND MILTON KEYNES INTEGRATED CARE BOARD",SAXON CLINIC,688.0,304.0,6.0,0.0,44.2
NHS DORSET INTEGRATED CARE BOARD,"NUFFIELD HEALTH, BOURNEMOUTH HOSPITAL",560.0,247.0,2.0,0.0,44.1
NHS HUMBER AND NORTH YORKSHIRE INTEGRATED CARE BOARD,HULL UNIVERSITY TEACHING HOSPITALS NHS TRUST,80999.0,35388.0,2796.0,0.0,43.7
NHS KENT AND MEDWAY INTEGRATED CARE BOARD,EAST KENT HOSPITALS UNIVERSITY NHS FOUNDATION TRUST,79216.0,34473.0,1847.0,1.0,43.5
NHS HUMBER AND NORTH YORKSHIRE INTEGRATED CARE BOARD,YORK AND SCARBOROUGH TEACHING HOSPITALS NHS FOUNDATION TRUST,54965.0,23868.0,986.0,0.0,43.4
NHS GREATER MANCHESTER INTEGRATED CARE BOARD,ALEXANDRA HOSPITAL,778.0,335.0,0.0,0.0,43.1
NHS CAMBRIDGESHIRE AND PETERBOROUGH INTEGRATED CARE BOARD,SPIRE CAMBRIDGE LEA HOSPITAL,316.0,135.0,5.0,0.0,42.7
NHS SUFFOLK AND NORTH EAST ESSEX INTEGRATED CARE BOARD,OAKS HOSPITAL,1147.0,489.0,16.0,0.0,42.6
"NHS BATH AND NORTH EAST SOMERSET, SWINDON AND WILTSHIRE INTEGRATED CARE BOARD",GREAT WESTERN HOSPITALS NHS FOUNDATION TRUST,42670.0,18044.0,788.0,0.0,42.3
NHS KENT AND MEDWAY INTEGRATED CARE BOARD,CORA HEALTH DIAGNOSTICS (FORMERLY HEALTHSHARE DIAGNOSTICS),1912.0,798.0,33.0,0.0,41.7
NHS NORFOLK AND WAVENEY INTEGRATED CARE BOARD,"THE QUEEN ELIZABETH HOSPITAL, KING'S LYNN, NHS FOUNDATION TRUST",25029.0,10396.0,326.0,0.0,41.5
NHS DEVON INTEGRATED CARE BOARD,MOUNT STUART HOSPITAL,2312.0,958.0,20.0,0.0,41.4
NHS STAFFORDSHIRE AND STOKE-ON-TRENT INTEGRATED CARE BOARD,ROWLEY HALL HOSPITAL,2629.0,1088.0,0.0,0.0,41.4
NHS GREATER MANCHESTER INTEGRATED CARE BOARD,OMNES HEALTHCARE LTD,12475.0,5170.0,174.0,10.0,41.4
NHS SUSSEX INTEGRATED CARE BOARD,GORING HALL HOSPITAL,784.0,322.0,0.0,0.0,41.1
NHS GREATER MANCHESTER INTEGRATED CARE BOARD,NORTHERN CARE ALLIANCE NHS FOUNDATION TRUST,129221.0,52942.0,3696.0,0.0,41.0
NHS LINCOLNSHIRE INTEGRATED CARE BOARD,LINCOLN PRIVATE HOSPITAL,1126.0,462.0,0.0,0.0,41.0
NHS STAFFORDSHIRE AND STOKE-ON-TRENT INTEGRATED CARE BOARD,BEACON PARK HOSPITAL,1443.0,592.0,1.0,0.0,41.0
"NHS LEICESTER, LEICESTERSHIRE AND RUTLAND INTEGRATED CARE BOARD",UNIVERSITY HOSPITALS OF LEICESTER NHS TRUST,113973.0,46626.0,2293.0,0.0,40.9
NHS COVENTRY AND WARWICKSHIRE INTEGRATED CARE BOARD,UNIVERSITY HOSPITALS COVENTRY AND WARWICKSHIRE NHS TRUST,71049.0,28975.0,1623.0,0.0,40.8
NHS SOUTH YORKSHIRE INTEGRATED CARE BOARD,CLAREMONT PRIVATE HOSPITAL,2748.0,1117.0,5.0,0.0,40.6
"NHS LEICESTER, LEICESTERSHIRE AND RUTLAND INTEGRATED CARE BOARD",SPIRE LEICESTER HOSPITAL,1240.0,504.0,32.0,0.0,40.6
NHS LANCASHIRE AND SOUTH CUMBRIA INTEGRATED CARE BOARD,LANCASHIRE TEACHING HOSPITALS NHS FOUNDATION TRUST,65167.0,26442.0,896.0,0.0,40.6
NHS WEST YORKSHIRE INTEGRATED CARE BOARD,BRADFORD DISTRICT CARE NHS FOUNDATION TRUST,541.0,219.0,13.0,0.0,40.5
NHS HUMBER AND NORTH YORKSHIRE INTEGRATED CARE BOARD,SPIRE HULL AND EAST RIDING HOSPITAL,2525.0,1013.0,0.0,0.0,40.1
NHS CHESHIRE AND MERSEYSIDE INTEGRATED CARE BOARD,EAST CHESHIRE NHS TRUST,16269.0,6491.0,338.0,5.0,39.9
NHS SUFFOLK AND NORTH EAST ESSEX INTEGRATED CARE BOARD,EAST SUFFOLK AND NORTH ESSEX NHS FOUNDATION TRUST,88592.0,35313.0,276.0,0.0,39.9
NHS CHESHIRE AND MERSEYSIDE INTEGRATED CARE BOARD,LIVERPOOL WOMEN'S NHS FOUNDATION TRUST,11860.0,4733.0,279.0,0.0,39.9
NHS SOMERSET INTEGRATED CARE BOARD,"NUFFIELD HEALTH, TAUNTON HOSPITAL",467.0,186.0,4.0,0.0,39.8
NHS NORTHAMPTONSHIRE INTEGRATED CARE BOARD,THREE SHIRES HOSPITAL,3631.0,1441.0,56.0,0.0,39.7
NHS NORTH EAST LONDON INTEGRATED CARE BOARD,SPIRE LONDON EAST,3296.0,1305.0,36.0,0.0,39.6
NHS CORNWALL AND THE ISLES OF SCILLY INTEGRATED CARE BOARD,DUCHY HOSPITAL,1620.0,640.0,23.0,0.0,39.5
NHS LINCOLNSHIRE INTEGRATED CARE BOARD,BOSTON WEST HOSPITAL,2408.0,951.0,5.0,0.0,39.5
NHS BLACK COUNTRY INTEGRATED CARE BOARD,THE ROYAL WOLVERHAMPTON NHS TRUST,72443.0,28532.0,1642.0,0.0,39.4
NHS LINCOLNSHIRE INTEGRATED CARE BOARD,UNITED LINCOLNSHIRE TEACHING HOSPITALS NHS TRUST,67753.0,26541.0,426.0,0.0,39.2
NHS NORTHAMPTONSHIRE INTEGRATED CARE BOARD,NORTHAMPTON GENERAL HOSPITAL NHS TRUST,39774.0,15464.0,470.0,0.0,38.9
"NHS BRISTOL, NORTH SOMERSET AND SOUTH GLOUCESTERSHIRE INTEGRATED CARE BOARD","NUFFIELD HEALTH, BRISTOL HOSPITAL (CHESTERFIELD)",758.0,295.0,4.0,0.0,38.9
NHS GREATER MANCHESTER INTEGRATED CARE BOARD,"WRIGHTINGTON, WIGAN AND LEIGH TEACHING HOSPITALS NHS FOUNDATION TRUST",44374.0,17213.0,886.0,1.0,38.8
NHS FRIMLEY INTEGRATED CARE BOARD,FRIMLEY HEALTH NHS FOUNDATION TRUST,66833.0,25956.0,604.0,0.0,38.8
NHS CAMBRIDGESHIRE AND PETERBOROUGH INTEGRATED CARE BOARD,NORTH WEST ANGLIA NHS FOUNDATION TRUST,79184.0,30606.0,408.0,0.0,38.7
NHS KENT AND MEDWAY INTEGRATED CARE BOARD,DARTFORD AND GRAVESHAM NHS TRUST,29571.0,11440.0,349.0,0.0,38.7
NHS MID AND SOUTH ESSEX INTEGRATED CARE BOARD,SPIRE WELLESLEY HOSPITAL,1170.0,452.0,27.0,0.0,38.6
NHS HAMPSHIRE AND ISLE OF WIGHT INTEGRATED CARE BOARD,PORTSMOUTH HOSPITALS UNIVERSITY NHS TRUST,53437.0,20606.0,1909.0,0.0,38.6
NHS HUMBER AND NORTH YORKSHIRE INTEGRATED CARE BOARD,CLIFTON PARK HOSPITAL,1443.0,555.0,2.0,0.0,38.5
NHS LANCASHIRE AND SOUTH CUMBRIA INTEGRATED CARE BOARD,BLACKPOOL TEACHING HOSPITALS NHS FOUNDATION TRUST,40284.0,15491.0,851.0,0.0,38.5
NHS HUMBER AND NORTH YORKSHIRE INTEGRATED CARE BOARD,NORTHERN LINCOLNSHIRE AND GOOLE NHS FOUNDATION TRUST,39516.0,15186.0,810.0,1.0,38.4
NHS HAMPSHIRE AND ISLE OF WIGHT INTEGRATED CARE BOARD,NEWMEDICA - HAMPSHIRE,2322.0,890.0,6.0,0.0,38.3
NHS DERBY AND DERBYSHIRE INTEGRATED CARE BOARD,CHESTERFIELD ROYAL HOSPITAL NHS FOUNDATION TRUST,27038.0,10316.0,703.0,0.0,38.2
NHS SUSSEX INTEGRATED CARE BOARD,QUEEN VICTORIA HOSPITAL NHS FOUNDATION TRUST,20841.0,7951.0,226.0,0.0,38.2
NHS DERBY AND DERBYSHIRE INTEGRATED CARE BOARD,UNIVERSITY HOSPITALS OF DERBY AND BURTON NHS FOUNDATION TRUST,93272.0,35583.0,1511.0,0.0,38.1
NHS GREATER MANCHESTER INTEGRATED CARE BOARD,OAKLANDS HOSPITAL,3807.0,1452.0,0.0,0.0,38.1
NHS SURREY HEARTLANDS INTEGRATED CARE BOARD,ASHFORD AND ST PETER'S HOSPITALS NHS FOUNDATION TRUST,50932.0,19403.0,599.0,0.0,38.1
NHS SOUTH YORKSHIRE INTEGRATED CARE BOARD,DONCASTER AND BASSETLAW TEACHING HOSPITALS NHS FOUNDATION TRUST,52237.0,19928.0,994.0,1.0,38.1
NHS KENT AND MEDWAY INTEGRATED CARE BOARD,MEDWAY NHS FOUNDATION TRUST,34098.0,12947.0,285.0,0.0,38.0
NHS NORTHAMPTONSHIRE INTEGRATED CARE BOARD,WOODLAND HOSPITAL,5086.0,1927.0,4.0,0.0,37.9
NHS BIRMINGHAM AND SOLIHULL INTEGRATED CARE BOARD,BIRMINGHAM WOMEN'S AND CHILDREN'S NHS FOUNDATION TRUST,21841.0,8278.0,132.0,0.0,37.9
NHS GREATER MANCHESTER INTEGRATED CARE BOARD,BOLTON NHS FOUNDATION TRUST,37849.0,14335.0,374.0,0.0,37.9
"NHS BEDFORDSHIRE, LUTON AND MILTON KEYNES INTEGRATED CARE BOARD",BEDFORDSHIRE HOSPITALS NHS FOUNDATION TRUST,84499.0,32045.0,453.0,0.0,37.9
NHS GREATER MANCHESTER INTEGRATED CARE BOARD,STOCKPORT NHS FOUNDATION TRUST,33996.0,12869.0,232.0,0.0,37.9
NHS KENT AND MEDWAY INTEGRATED CARE BOARD,SPENCER PRIVATE HOSPITALS LTD,3581.0,1353.0,33.0,0.0,37.8
NHS CHESHIRE AND MERSEYSIDE INTEGRATED CARE BOARD,LIVERPOOL UNIVERSITY HOSPITALS NHS FOUNDATION TRUST,60650.0,22935.0,560.0,0.0,37.8
NHS NORTH EAST LONDON INTEGRATED CARE BOARD,BARTS HEALTH NHS TRUST,121511.0,45669.0,1008.0,0.0,37.6
NHS CHESHIRE AND MERSEYSIDE INTEGRATED CARE BOARD,MID CHESHIRE HOSPITALS NHS FOUNDATION TRUST,30585.0,11477.0,409.0,0.0,37.5
"NHS BEDFORDSHIRE, LUTON AND MILTON KEYNES INTEGRATED CARE BOARD",MILTON KEYNES UNIVERSITY HOSPITAL NHS FOUNDATION TRUST,33448.0,12523.0,877.0,1.0,37.4
NHS HEREFORDSHIRE AND WORCESTERSHIRE INTEGRATED CARE BOARD,WORCESTERSHIRE ACUTE HOSPITALS NHS TRUST,55602.0,20794.0,759.0,0.0,37.4
NHS DORSET INTEGRATED CARE BOARD,DORSET COUNTY HOSPITAL NHS FOUNDATION TRUST,21497.0,8017.0,243.0,0.0,37.3
NHS DEVON INTEGRATED CARE BOARD,ROYAL DEVON UNIVERSITY HEALTHCARE NHS FOUNDATION TRUST,70725.0,26337.0,1254.0,0.0,37.2
NHS CAMBRIDGESHIRE AND PETERBOROUGH INTEGRATED CARE BOARD,CAMBRIDGE UNIVERSITY HOSPITALS NHS FOUNDATION TRUST,58435.0,21663.0,941.0,0.0,37.1
"NHS BUCKINGHAMSHIRE, OXFORDSHIRE AND BERKSHIRE WEST INTEGRATED CARE BOARD",OXFORD UNIVERSITY HOSPITALS NHS FOUNDATION TRUST,88213.0,32635.0,1590.0,0.0,37.0
NHS BLACK COUNTRY INTEGRATED CARE BOARD,SANDWELL AND WEST BIRMINGHAM HOSPITALS NHS TRUST,65757.0,24328.0,346.0,0.0,37.0
NHS DEVON INTEGRATED CARE BOARD,"NUFFIELD HEALTH, PLYMOUTH HOSPITAL",887.0,328.0,7.0,0.0,37.0
NHS GREATER MANCHESTER INTEGRATED CARE BOARD,MANCHESTER UNIVERSITY NHS FOUNDATION TRUST,166330.0,61550.0,1534.0,0.0,37.0
NHS HERTFORDSHIRE AND WEST ESSEX INTEGRATED CARE BOARD,PINEHILL HOSPITAL,1812.0,667.0,3.0,0.0,36.8
NHS HAMPSHIRE AND ISLE OF WIGHT INTEGRATED CARE BOARD,ISLE OF WIGHT NHS TRUST,13219.0,4862.0,46.0,0.0,36.8
NHS NORTH CENTRAL LONDON INTEGRATED CARE BOARD,UNIVERSITY COLLEGE LONDON HOSPITALS NHS FOUNDATION TRUST,74668.0,27440.0,1122.0,1.0,36.7
NHS CHESHIRE AND MERSEYSIDE INTEGRATED CARE BOARD,"NUFFIELD HEALTH, THE GROSVENOR HOSPITAL, CHESTER",409.0,150.0,0.0,0.0,36.7
NHS SOUTH WEST LONDON INTEGRATED CARE BOARD,ST GEORGE'S UNIVERSITY HOSPITALS NHS FOUNDATION TRUST,66997.0,24534.0,426.0,1.0,36.6
NHS NOTTINGHAM AND NOTTINGHAMSHIRE INTEGRATED CARE BOARD,NOTTINGHAM UNIVERSITY HOSPITALS NHS TRUST,83187.0,30377.0,1589.0,0.0,36.5
NHS HAMPSHIRE AND ISLE OF WIGHT INTEGRATED CARE BOARD,UNIVERSITY HOSPITAL SOUTHAMPTON NHS FOUNDATION TRUST,59683.0,21782.0,1166.0,0.0,36.5
NHS NOTTINGHAM AND NOTTINGHAMSHIRE INTEGRATED CARE BOARD,SHERWOOD FOREST HOSPITALS NHS FOUNDATION TRUST,33136.0,12051.0,357.0,0.0,36.4
NHS HAMPSHIRE AND ISLE OF WIGHT INTEGRATED CARE BOARD,PRACTICE PLUS GROUP HOSPITAL - SOUTHAMPTON,10619.0,3851.0,13.0,0.0,36.3
NHS NORTH WEST LONDON INTEGRATED CARE BOARD,THE HILLINGDON HOSPITALS NHS FOUNDATION TRUST,32993.0,11969.0,101.0,0.0,36.3
NHS NORFOLK AND WAVENEY INTEGRATED CARE BOARD,NORFOLK AND NORWICH UNIVERSITY HOSPITALS NHS FOUNDATION TRUST,67127.0,24385.0,1730.0,0.0,36.3
NHS NORTH EAST AND NORTH CUMBRIA INTEGRATED CARE BOARD,COBALT HOSPITAL,1815.0,657.0,1.0,0.0,36.2
NHS BLACK COUNTRY INTEGRATED CARE BOARD,THE DUDLEY GROUP NHS FOUNDATION TRUST,45663.0,16429.0,19.0,0.0,36.0
NHS NORTH WEST LONDON INTEGRATED CARE BOARD,LONDON NORTH WEST UNIVERSITY HEALTHCARE NHS TRUST,81787.0,29413.0,778.0,0.0,36.0
NHS HERTFORDSHIRE AND WEST ESSEX INTEGRATED CARE BOARD,THE PRINCESS ALEXANDRA HOSPITAL NHS TRUST,39762.0,14266.0,566.0,3.0,35.9
NHS CHESHIRE AND MERSEYSIDE INTEGRATED CARE BOARD,THE WALTON CENTRE NHS FOUNDATION TRUST,15460.0,5543.0,160.0,0.0,35.9
NHS CHESHIRE AND MERSEYSIDE INTEGRATED CARE BOARD,COUNTESS OF CHESTER HOSPITAL NHS FOUNDATION TRUST,30603.0,10953.0,272.0,0.0,35.8
NHS NORTHAMPTONSHIRE INTEGRATED CARE BOARD,KETTERING GENERAL HOSPITAL NHS FOUNDATION TRUST,23672.0,8457.0,79.0,0.0,35.7
"NHS SHROPSHIRE, TELFORD AND WREKIN INTEGRATED CARE BOARD",ST MICHAEL'S CLINIC LIMITED,1716.0,613.0,26.0,0.0,35.7
NHS NORTH EAST AND NORTH CUMBRIA INTEGRATED CARE BOARD,NORTH CUMBRIA INTEGRATED CARE NHS FOUNDATION TRUST,35302.0,12612.0,579.0,0.0,35.7
NHS HAMPSHIRE AND ISLE OF WIGHT INTEGRATED CARE BOARD,HAMPSHIRE HOSPITALS NHS FOUNDATION TRUST,48518.0,17239.0,1248.0,0.0,35.5
NHS SURREY HEARTLANDS INTEGRATED CARE BOARD,ROYAL SURREY NHS FOUNDATION TRUST,30399.0,10796.0,383.0,0.0,35.5
NHS BLACK COUNTRY INTEGRATED CARE BOARD,WEST MIDLANDS HOSPITAL,439.0,155.0,8.0,0.0,35.3
NHS CHESHIRE AND MERSEYSIDE INTEGRATED CARE BOARD,WIRRAL UNIVERSITY TEACHING HOSPITAL NHS FOUNDATION TRUST,43666.0,15412.0,355.0,0.0,35.3
NHS STAFFORDSHIRE AND STOKE-ON-TRENT INTEGRATED CARE BOARD,UNIVERSITY HOSPITALS OF NORTH MIDLANDS NHS TRUST,65401.0,23066.0,1195.0,2.0,35.3
NHS GREATER MANCHESTER INTEGRATED CARE BOARD,ACES MANCHESTER,105.0,37.0,0.0,0.0,35.2
NHS NORTH CENTRAL LONDON INTEGRATED CARE BOARD,ROYAL FREE LONDON NHS FOUNDATION TRUST,133390.0,46820.0,1330.0,1.0,35.1
NHS SOUTH EAST LONDON INTEGRATED CARE BOARD,LEWISHAM AND GREENWICH NHS TRUST,55317.0,19418.0,839.0,0.0,35.1
NHS NORTH WEST LONDON INTEGRATED CARE BOARD,STANDARD HEALTH LTD,120.0,42.0,0.0,0.0,35.0
NHS GREATER MANCHESTER INTEGRATED CARE BOARD,BEAUMONT HOSPITAL,3115.0,1088.0,0.0,0.0,34.9
"NHS BUCKINGHAMSHIRE, OXFORDSHIRE AND BERKSHIRE WEST INTEGRATED CARE BOARD",THE CHERWELL HOSPITAL,2059.0,719.0,8.0,0.0,34.9
NHS NORTH CENTRAL LONDON INTEGRATED CARE BOARD,HENDON HOSPITAL,1128.0,393.0,5.0,0.0,34.8
NHS NORTH EAST AND NORTH CUMBRIA INTEGRATED CARE BOARD,SOUTH TEES HOSPITALS NHS FOUNDATION TRUST,54264.0,18879.0,658.0,0.0,34.8
NHS CHESHIRE AND MERSEYSIDE INTEGRATED CARE BOARD,WARRINGTON AND HALTON TEACHING HOSPITALS NHS FOUNDATION TRUST,33132.0,11506.0,244.0,0.0,34.7
NHS HEREFORDSHIRE AND WORCESTERSHIRE INTEGRATED CARE BOARD,WYE VALLEY NHS TRUST,26031.0,9038.0,542.0,4.0,34.7
"NHS BATH AND NORTH EAST SOMERSET, SWINDON AND WILTSHIRE INTEGRATED CARE BOARD",BATH CLINIC,748.0,259.0,0.0,0.0,34.6
NHS SOMERSET INTEGRATED CARE BOARD,SOMERSET NHS FOUNDATION TRUST,52302.0,18093.0,1028.0,0.0,34.6
NHS CAMBRIDGESHIRE AND PETERBOROUGH INTEGRATED CARE BOARD,ANGLIA COMMUNITY EYE SERVICE - PETERBOROUGH,446.0,154.0,2.0,0.0,34.5
NHS BIRMINGHAM AND SOLIHULL INTEGRATED CARE BOARD,THE ROYAL ORTHOPAEDIC HOSPITAL NHS FOUNDATION TRUST,12591.0,4335.0,97.0,0.0,34.4
NHS DEVON INTEGRATED CARE BOARD,UNIVERSITY HOSPITALS PLYMOUTH NHS TRUST,45707.0,15729.0,629.0,1.0,34.4
NHS CHESHIRE AND MERSEYSIDE INTEGRATED CARE BOARD,FAIRFIELD INDEPENDENT HOSPITAL,1625.0,559.0,29.0,0.0,34.4
"NHS BUCKINGHAMSHIRE, OXFORDSHIRE AND BERKSHIRE WEST INTEGRATED CARE BOARD",BUCKINGHAMSHIRE HEALTHCARE NHS TRUST,45896.0,15798.0,58.0,0.0,34.4
NHS SURREY HEARTLANDS INTEGRATED CARE BOARD,NORTH DOWNS HOSPITAL,1514.0,518.0,10.0,0.0,34.2
NHS FRIMLEY INTEGRATED CARE BOARD,NEWMEDICA - BERKSHIRE,1515.0,518.0,14.0,0.0,34.2
NHS NORTH EAST LONDON INTEGRATED CARE BOARD,"BARKING, HAVERING AND REDBRIDGE UNIVERSITY HOSPITALS NHS TRUST",68875.0,23411.0,862.0,0.0,34.0
NHS NORTH WEST LONDON INTEGRATED CARE BOARD,CHELSEA AND WESTMINSTER HOSPITAL NHS FOUNDATION TRUST,75645.0,25722.0,958.0,0.0,34.0
NHS SUFFOLK AND NORTH EAST ESSEX INTEGRATED CARE BOARD,WEST SUFFOLK NHS FOUNDATION TRUST,29130.0,9901.0,413.0,1.0,34.0
NHS WEST YORKSHIRE INTEGRATED CARE BOARD,BRADFORD TEACHING HOSPITALS NHS FOUNDATION TRUST,31446.0,10636.0,63.0,0.0,33.8
NHS HERTFORDSHIRE AND WEST ESSEX INTEGRATED CARE BOARD,RIVERS HOSPITAL,4766.0,1605.0,24.0,0.0,33.7
NHS CHESHIRE AND MERSEYSIDE INTEGRATED CARE BOARD,MERSEY AND WEST LANCASHIRE TEACHING HOSPITALS NHS TRUST,77666.0,26171.0,1069.0,0.0,33.7
NHS SUSSEX INTEGRATED CARE BOARD,EAST SUSSEX HEALTHCARE NHS TRUST,57467.0,19351.0,463.0,0.0,33.7
NHS DEVON INTEGRATED CARE BOARD,TORBAY AND SOUTH DEVON NHS FOUNDATION TRUST,33478.0,11253.0,596.0,0.0,33.6
NHS SOUTH EAST LONDON INTEGRATED CARE BOARD,KING'S COLLEGE HOSPITAL NHS FOUNDATION TRUST,83918.0,28208.0,1127.0,0.0,33.6
NHS SOUTH WEST LONDON INTEGRATED CARE BOARD,EPSOM AND ST HELIER UNIVERSITY HOSPITALS NHS TRUST,58229.0,19494.0,456.0,0.0,33.5
NHS NORTH EAST LONDON INTEGRATED CARE BOARD,PRACTICE PLUS GROUP HOSPITAL - ILFORD,4719.0,1577.0,14.0,2.0,33.4
NHS HUMBER AND NORTH YORKSHIRE INTEGRATED CARE BOARD,NEWMEDICA - BRIGG - RIVERSIDE SURGERY,890.0,296.0,0.0,0.0,33.3
NHS COVENTRY AND WARWICKSHIRE INTEGRATED CARE BOARD,GEORGE ELIOT HOSPITAL NHS TRUST,19118.0,6348.0,91.0,0.0,33.2
NHS NORTH EAST AND NORTH CUMBRIA INTEGRATED CARE BOARD,COUNTY DURHAM AND DARLINGTON NHS FOUNDATION TRUST,43027.0,14296.0,415.0,0.0,33.2
NHS WEST YORKSHIRE INTEGRATED CARE BOARD,MID YORKSHIRE TEACHING NHS TRUST,53908.0,17859.0,231.0,0.0,33.1
NHS SURREY HEARTLANDS INTEGRATED CARE BOARD,SURREY AND SUSSEX HEALTHCARE NHS TRUST,47269.0,15583.0,621.0,0.0,33.0
NHS HAMPSHIRE AND ISLE OF WIGHT INTEGRATED CARE BOARD,UNIVERSITY OF SOUTHAMPTON AUDITORY IMPLANT SERVICE,191.0,63.0,7.0,0.0,33.0
"NHS BRISTOL, NORTH SOMERSET AND SOUTH GLOUCESTERSHIRE INTEGRATED CARE BOARD",NEWMEDICA AZTEC WEST,841.0,277.0,2.0,0.0,32.9
NHS WEST YORKSHIRE INTEGRATED CARE BOARD,LEEDS TEACHING HOSPITALS NHS TRUST,85124.0,27896.0,1292.0,2.0,32.8
NHS CAMBRIDGESHIRE AND PETERBOROUGH INTEGRATED CARE BOARD,ANGLIA COMMUNITY EYE SERVICE - CAMBRIDGE,274.0,90.0,0.0,0.0,32.8
NHS DORSET INTEGRATED CARE BOARD,UNIVERSITY HOSPITALS DORSET NHS FOUNDATION TRUST,66516.0,21605.0,631.0,0.0,32.5
NHS NOTTINGHAM AND NOTTINGHAMSHIRE INTEGRATED CARE BOARD,PARK HOSPITAL,1973.0,636.0,23.0,0.0,32.2
NHS HERTFORDSHIRE AND WEST ESSEX INTEGRATED CARE BOARD,WEST HERTFORDSHIRE TEACHING HOSPITALS NHS TRUST,45394.0,14527.0,310.0,0.0,32.0
"NHS BRISTOL, NORTH SOMERSET AND SOUTH GLOUCESTERSHIRE INTEGRATED CARE BOARD",UNIVERSITY HOSPITALS BRISTOL AND WESTON NHS FOUNDATION TRUST,49924.0,15967.0,312.0,0.0,32.0
NHS LANCASHIRE AND SOUTH CUMBRIA INTEGRATED CARE BOARD,BESPOKE HEALTHCARE LTD,423.0,135.0,0.0,0.0,31.9
NHS SOUTH WEST LONDON INTEGRATED CARE BOARD,KINGSTON AND RICHMOND NHS FOUNDATION TRUST,43861.0,13998.0,278.0,0.0,31.9
NHS SOUTH WEST LONDON INTEGRATED CARE BOARD,COMMUNITAS CLINICS,4469.0,1416.0,33.0,0.0,31.7
NHS BIRMINGHAM AND SOLIHULL INTEGRATED CARE BOARD,SPIRE PARKWAY HOSPITAL,1476.0,465.0,16.0,0.0,31.5
NHS SOUTH EAST LONDON INTEGRATED CARE BOARD,GUY'S AND ST THOMAS' NHS FOUNDATION TRUST,105788.0,33370.0,775.0,0.0,31.5
NHS CHESHIRE AND MERSEYSIDE INTEGRATED CARE BOARD,ALDER HEY CHILDREN'S NHS FOUNDATION TRUST,16497.0,5203.0,212.0,0.0,31.5
NHS BIRMINGHAM AND SOLIHULL INTEGRATED CARE BOARD,UNIVERSITY HOSPITALS BIRMINGHAM NHS FOUNDATION TRUST,89544.0,28115.0,397.0,0.0,31.4
NHS LANCASHIRE AND SOUTH CUMBRIA INTEGRATED CARE BOARD,EUXTON HALL HOSPITAL,3342.0,1048.0,5.0,0.0,31.4
NHS SOUTH EAST LONDON INTEGRATED CARE BOARD,BLACKHEATH HOSPITAL,1510.0,472.0,23.0,0.0,31.3
NHS CHESHIRE AND MERSEYSIDE INTEGRATED CARE BOARD,NEWMEDICA - CHESHIRE OAKS,636.0,199.0,3.0,0.0,31.3
"NHS SHROPSHIRE, TELFORD AND WREKIN INTEGRATED CARE BOARD",THE SHREWSBURY AND TELFORD HOSPITAL NHS TRUST,34275.0,10659.0,0.0,0.0,31.1
NHS COVENTRY AND WARWICKSHIRE INTEGRATED CARE BOARD,SOUTH WARWICKSHIRE UNIVERSITY NHS FOUNDATION TRUST,29705.0,9247.0,172.0,0.0,31.1
NHS GREATER MANCHESTER INTEGRATED CARE BOARD,HIGHFIELD HOSPITAL,932.0,288.0,0.0,0.0,30.9
NHS HERTFORDSHIRE AND WEST ESSEX INTEGRATED CARE BOARD,EAST AND NORTH HERTFORDSHIRE TEACHING NHS TRUST,54332.0,16769.0,340.0,0.0,30.9
"NHS BATH AND NORTH EAST SOMERSET, SWINDON AND WILTSHIRE INTEGRATED CARE BOARD",ROYAL UNITED HOSPITALS BATH NHS FOUNDATION TRUST,39105.0,12073.0,215.0,0.0,30.9
NHS NORTH WEST LONDON INTEGRATED CARE BOARD,IMPERIAL COLLEGE HEALTHCARE NHS TRUST,83944.0,25933.0,96.0,0.0,30.9
NHS DORSET INTEGRATED CARE BOARD,HARBOUR HOSPITAL,194.0,60.0,0.0,0.0,30.9
NHS SOUTH YORKSHIRE INTEGRATED CARE BOARD,THE ROTHERHAM NHS FOUNDATION TRUST,28274.0,8688.0,334.0,0.0,30.7
NHS SURREY HEARTLANDS INTEGRATED CARE BOARD,MOUNT ALVERNIA HOSPITAL,223.0,68.0,1.0,0.0,30.5
NHS HEREFORDSHIRE AND WORCESTERSHIRE INTEGRATED CARE BOARD,BORDER HEALTH ALLIANCE LIMITED,560.0,170.0,0.0,0.0,30.4
NHS LANCASHIRE AND SOUTH CUMBRIA INTEGRATED CARE BOARD,EAST LANCASHIRE HOSPITALS NHS TRUST,47723.0,14322.0,329.0,0.0,30.0
NHS LANCASHIRE AND SOUTH CUMBRIA INTEGRATED CARE BOARD,BUCKSHAW HOSPITAL,2848.0,853.0,11.0,0.0,30.0
NHS HAMPSHIRE AND ISLE OF WIGHT INTEGRATED CARE BOARD,SPAMEDICA SOUTHAMPTON,454.0,136.0,0.0,0.0,30.0
NHS NORTH EAST AND NORTH CUMBRIA INTEGRATED CARE BOARD,"NUFFIELD HEALTH, TEES HOSPITAL",1642.0,491.0,2.0,0.0,29.9
NHS NOTTINGHAM AND NOTTINGHAMSHIRE INTEGRATED CARE BOARD,WOODTHORPE HOSPITAL,3599.0,1073.0,7.0,0.0,29.8
NHS HEREFORDSHIRE AND WORCESTERSHIRE INTEGRATED CARE BOARD,DROITWICH SPA HOSPITAL,1563.0,466.0,0.0,0.0,29.8
NHS BLACK COUNTRY INTEGRATED CARE BOARD,STOURSIDE HOSPITAL,2961.0,879.0,17.0,0.0,29.7
NHS GLOUCESTERSHIRE INTEGRATED CARE BOARD,NEWMEDICA - GLOUCESTER (ASPEN MEDICAL CENTRE),526.0,156.0,2.0,0.0,29.7
NHS BIRMINGHAM AND SOLIHULL INTEGRATED CARE BOARD,PRIORY HOSPITAL,669.0,198.0,3.0,0.0,29.6
NHS NORTH EAST AND NORTH CUMBRIA INTEGRATED CARE BOARD,NORTH TEES AND HARTLEPOOL NHS FOUNDATION TRUST,21534.0,6322.0,212.0,0.0,29.4
"NHS BEDFORDSHIRE, LUTON AND MILTON KEYNES INTEGRATED CARE BOARD",BLAKELANDS HOSPITAL,2318.0,680.0,8.0,0.0,29.3
NHS STAFFORDSHIRE AND STOKE-ON-TRENT INTEGRATED CARE BOARD,SPIRE LITTLE ASTON HOSPITAL,1339.0,392.0,6.0,0.0,29.3
"NHS BRISTOL, NORTH SOMERSET AND SOUTH GLOUCESTERSHIRE INTEGRATED CARE BOARD",NORTH BRISTOL NHS TRUST,39487.0,11568.0,38.0,0.0,29.3
NHS HEREFORDSHIRE AND WORCESTERSHIRE INTEGRATED CARE BOARD,"NUFFIELD HEALTH, HEREFORD HOSPITAL",488.0,143.0,0.0,0.0,29.3
NHS SOUTH WEST LONDON INTEGRATED CARE BOARD,CROYDON HEALTH SERVICES NHS TRUST,32341.0,9372.0,280.0,0.0,29.0
NHS SOUTH YORKSHIRE INTEGRATED CARE BOARD,BARNSLEY HOSPITAL NHS FOUNDATION TRUST,21494.0,6231.0,136.0,0.0,29.0
NHS NORTH CENTRAL LONDON INTEGRATED CARE BOARD,KINGS OAK HOSPITAL,1125.0,326.0,2.0,0.0,29.0
"NHS BUCKINGHAMSHIRE, OXFORDSHIRE AND BERKSHIRE WEST INTEGRATED CARE BOARD",SHELBURNE HOSPITAL,180.0,52.0,0.0,0.0,28.9
NHS SOMERSET INTEGRATED CARE BOARD,PRACTICE PLUS GROUP HOSPITAL - SHEPTON MALLET,2705.0,777.0,31.0,0.0,28.7
NHS SOUTH YORKSHIRE INTEGRATED CARE BOARD,THORNBURY HOSPITAL,712.0,204.0,4.0,0.0,28.7
NHS NORTH CENTRAL LONDON INTEGRATED CARE BOARD,WHITTINGTON HEALTH NHS TRUST,21820.0,6238.0,76.0,0.0,28.6
NHS LANCASHIRE AND SOUTH CUMBRIA INTEGRATED CARE BOARD,FULWOOD HALL HOSPITAL,4313.0,1234.0,14.0,0.0,28.6
NHS LANCASHIRE AND SOUTH CUMBRIA INTEGRATED CARE BOARD,UNIVERSITY HOSPITALS OF MORECAMBE BAY NHS FOUNDATION TRUST,33941.0,9663.0,545.0,0.0,28.5
NHS CHESHIRE AND MERSEYSIDE INTEGRATED CARE BOARD,SPIRE LIVERPOOL HOSPITAL,2578.0,736.0,7.0,0.0,28.5
NHS HUMBER AND NORTH YORKSHIRE INTEGRATED CARE BOARD,"NUFFIELD HEALTH, YORK HOSPITAL",1146.0,326.0,0.0,0.0,28.4
"NHS BATH AND NORTH EAST SOMERSET, SWINDON AND WILTSHIRE INTEGRATED CARE BOARD",SALISBURY NHS FOUNDATION TRUST,30359.0,8608.0,26.0,0.0,28.4
"NHS BATH AND NORTH EAST SOMERSET, SWINDON AND WILTSHIRE INTEGRATED CARE BOARD",RIDGEWAY HOSPITAL,448.0,127.0,0.0,0.0,28.3
NHS HERTFORDSHIRE AND WEST ESSEX INTEGRATED CARE BOARD,ONE HATFIELD HOSPITAL,212.0,60.0,7.0,0.0,28.3
"NHS BATH AND NORTH EAST SOMERSET, SWINDON AND WILTSHIRE INTEGRATED CARE BOARD",NEW HALL HOSPITAL,3426.0,967.0,25.0,2.0,28.2
NHS MID AND SOUTH ESSEX INTEGRATED CARE BOARD,SPRINGFIELD HOSPITAL,4975.0,1402.0,141.0,0.0,28.2
NHS SURREY HEARTLANDS INTEGRATED CARE BOARD,ASHTEAD HOSPITAL,1033.0,291.0,4.0,0.0,28.2
"NHS BUCKINGHAMSHIRE, OXFORDSHIRE AND BERKSHIRE WEST INTEGRATED CARE BOARD",CIRCLE READING HOSPITAL,1817.0,508.0,0.0,0.0,28.0
NHS NORTH WEST LONDON INTEGRATED CARE BOARD,ROYAL NATIONAL ORTHOPAEDIC HOSPITAL NHS TRUST,9158.0,2565.0,14.0,0.0,28.0
NHS NORTH EAST AND NORTH CUMBRIA INTEGRATED CARE BOARD,THE NEWCASTLE UPON TYNE HOSPITALS NHS FOUNDATION TRUST,81301.0,22340.0,579.0,0.0,27.5
"NHS BRISTOL, NORTH SOMERSET AND SOUTH GLOUCESTERSHIRE INTEGRATED CARE BOARD",SIRONA CARE & HEALTH,5776.0,1591.0,0.0,0.0,27.5
NHS SOUTH YORKSHIRE INTEGRATED CARE BOARD,THE ONE HEALTH GROUP PLC,5728.0,1574.0,5.0,1.0,27.5
NHS CHESHIRE AND MERSEYSIDE INTEGRATED CARE BOARD,SPIRE MURRAYFIELD HOSPITAL,829.0,227.0,3.0,0.0,27.4
NHS MID AND SOUTH ESSEX INTEGRATED CARE BOARD,SPIRE HARTSWOOD HOSPITAL,1175.0,321.0,2.0,0.0,27.3
NHS SOUTH YORKSHIRE INTEGRATED CARE BOARD,SHEFFIELD CHILDREN'S NHS FOUNDATION TRUST,10811.0,2952.0,150.0,0.0,27.3
NHS HUMBER AND NORTH YORKSHIRE INTEGRATED CARE BOARD,NEWMEDICA COMMUNITY OPHTHALMOLOGY - NORTH EAST LINCOLNSHIRE - GRIMSBY,1057.0,285.0,1.0,0.0,27.0
NHS NORTH CENTRAL LONDON INTEGRATED CARE BOARD,CAVELL HOSPITAL,1348.0,364.0,5.0,0.0,27.0
NHS BLACK COUNTRY INTEGRATED CARE BOARD,WALSALL HEALTHCARE NHS TRUST,27304.0,7319.0,2.0,0.0,26.8
NHS WEST YORKSHIRE INTEGRATED CARE BOARD,AIREDALE NHS FOUNDATION TRUST,14202.0,3782.0,44.0,0.0,26.6
NHS CORNWALL AND THE ISLES OF SCILLY INTEGRATED CARE BOARD,ROYAL CORNWALL HOSPITALS NHS TRUST,41862.0,11032.0,250.0,0.0,26.4
NHS SOUTH EAST LONDON INTEGRATED CARE BOARD,SLOANE HOSPITAL,863.0,228.0,11.0,0.0,26.4
"NHS BATH AND NORTH EAST SOMERSET, SWINDON AND WILTSHIRE INTEGRATED CARE BOARD",NEWMEDICA - SWINDON MURDOCK ROAD,148.0,39.0,0.0,0.0,26.4
NHS WEST YORKSHIRE INTEGRATED CARE BOARD,SPIRE ELLAND HOSPITAL,1282.0,338.0,2.0,0.0,26.4
NHS LANCASHIRE AND SOUTH CUMBRIA INTEGRATED CARE BOARD,BEARDWOOD HOSPITAL,2362.0,623.0,0.0,0.0,26.4
NHS SOUTH WEST LONDON INTEGRATED CARE BOARD,SHIRLEY OAKS HOSPITAL,968.0,252.0,1.0,0.0,26.0
NHS NORTH CENTRAL LONDON INTEGRATED CARE BOARD,GREAT ORMOND STREET HOSPITAL FOR CHILDREN NHS FOUNDATION TRUST,8547.0,2223.0,195.0,2.0,26.0
NHS CAMBRIDGESHIRE AND PETERBOROUGH INTEGRATED CARE BOARD,ORTHOPAEDICS & SPINE SPECIALIST HOSPITAL SITE,237.0,61.0,0.0,0.0,25.7
NHS WEST YORKSHIRE INTEGRATED CARE BOARD,THE YORKSHIRE CLINIC,7414.0,1895.0,24.0,0.0,25.6
NHS FRIMLEY INTEGRATED CARE BOARD,NEWMEDICA - BERKSHIRE - BRACKNELL,164.0,42.0,1.0,0.0,25.6
NHS GLOUCESTERSHIRE INTEGRATED CARE BOARD,GLOUCESTERSHIRE HOSPITALS NHS FOUNDATION TRUST,67612.0,17244.0,6.0,0.0,25.5
NHS GLOUCESTERSHIRE INTEGRATED CARE BOARD,WINFIELD HOSPITAL,1115.0,284.0,0.0,0.0,25.5
"NHS BATH AND NORTH EAST SOMERSET, SWINDON AND WILTSHIRE INTEGRATED CARE BOARD",SULIS HOSPITAL BATH (FOXCOTE AVENUE),3640.0,907.0,5.0,0.0,24.9
NHS SOUTH WEST LONDON INTEGRATED CARE BOARD,NUFFIELD HEALTH PARKSIDE HOSPITAL,821.0,204.0,52.0,43.0,24.8
NHS NORTH EAST AND NORTH CUMBRIA INTEGRATED CARE BOARD,TEES VALLEY HOSPITAL,4304.0,1059.0,0.0,0.0,24.6
NHS LANCASHIRE AND SOUTH CUMBRIA INTEGRATED CARE BOARD,LANCASTER PRIVATE HOSPITAL,332.0,81.0,0.0,0.0,24.4
NHS DORSET INTEGRATED CARE BOARD,WINTERBOURNE HOSPITAL,402.0,98.0,0.0,0.0,24.4
NHS SOUTH YORKSHIRE INTEGRATED CARE BOARD,PARK HILL HOSPITAL,765.0,187.0,0.0,0.0,24.4
NHS SURREY HEARTLANDS INTEGRATED CARE BOARD,SPIRE GATWICK PARK HOSPITAL,1274.0,310.0,9.0,0.0,24.3
NHS SURREY HEARTLANDS INTEGRATED CARE BOARD,EPSOMEDICAL GROUP,3130.0,753.0,57.0,1.0,24.1
NHS WEST YORKSHIRE INTEGRATED CARE BOARD,CALDERDALE AND HUDDERSFIELD NHS FOUNDATION TRUST,36307.0,8723.0,6.0,0.0,24.0
NHS KENT AND MEDWAY INTEGRATED CARE BOARD,MAIDSTONE AND TUNBRIDGE WELLS NHS TRUST,46181.0,11055.0,23.0,1.0,23.9
NHS NORTH EAST AND NORTH CUMBRIA INTEGRATED CARE BOARD,SPIRE WASHINGTON HOSPITAL,1642.0,393.0,12.0,0.0,23.9
NHS BLACK COUNTRY INTEGRATED CARE BOARD,"NUFFIELD HEALTH, WOLVERHAMPTON HOSPITAL",606.0,145.0,1.0,0.0,23.9
NHS NORTHAMPTONSHIRE INTEGRATED CARE BOARD,GLENDON WOOD HOSPITAL,1341.0,319.0,0.0,0.0,23.8
NHS HUMBER AND NORTH YORKSHIRE INTEGRATED CARE BOARD,HARROGATE AND DISTRICT NHS FOUNDATION TRUST,20774.0,4936.0,7.0,0.0,23.8
NHS SURREY HEARTLANDS INTEGRATED CARE BOARD,DORKING HEALTHCARE LIMITED (DHC),6519.0,1545.0,1.0,0.0,23.7
NHS HEREFORDSHIRE AND WORCESTERSHIRE INTEGRATED CARE BOARD,SPIRE SOUTH BANK HOSPITAL,842.0,199.0,3.0,0.0,23.6
NHS GREATER MANCHESTER INTEGRATED CARE BOARD,TAMESIDE AND GLOSSOP INTEGRATED CARE NHS FOUNDATION TRUST,16401.0,3865.0,0.0,0.0,23.6
NHS DERBY AND DERBYSHIRE INTEGRATED CARE BOARD,PRACTICE PLUS GROUP HOSPITAL - BARLBOROUGH,1953.0,458.0,0.0,0.0,23.5
NHS NORTH EAST AND NORTH CUMBRIA INTEGRATED CARE BOARD,SOUTH TYNESIDE AND SUNDERLAND NHS FOUNDATION TRUST,57899.0,13559.0,5.0,0.0,23.4
NHS SUSSEX INTEGRATED CARE BOARD,SUSSEX COMMUNITY DERMATOLOGY SERVICE,13362.0,3125.0,1.0,0.0,23.4
NHS NORTH EAST LONDON INTEGRATED CARE BOARD,HOMERTON HEALTHCARE NHS FOUNDATION TRUST,26282.0,6161.0,175.0,0.0,23.4
NHS CHESHIRE AND MERSEYSIDE INTEGRATED CARE BOARD,VERNOVA HEALTHCARE COMMUNITY INTEREST COMPANY,293.0,68.0,4.0,0.0,23.2
NHS KENT AND MEDWAY INTEGRATED CARE BOARD,CHAUCER HOSPITAL,921.0,213.0,1.0,0.0,23.1
"NHS BATH AND NORTH EAST SOMERSET, SWINDON AND WILTSHIRE INTEGRATED CARE BOARD",PRACTICE PLUS GROUP SURGICAL CENTRE - DEVIZES,2913.0,669.0,5.0,0.0,23.0
"NHS BUCKINGHAMSHIRE, OXFORDSHIRE AND BERKSHIRE WEST INTEGRATED CARE BOARD",THE BERKSHIRE INDEPENDENT HOSPITAL,1095.0,251.0,1.0,0.0,22.9
NHS HUMBER AND NORTH YORKSHIRE INTEGRATED CARE BOARD,ST HUGH'S HOSPITAL,1941.0,444.0,12.0,0.0,22.9
NHS HERTFORDSHIRE AND WEST ESSEX INTEGRATED CARE BOARD,ONE STOP DOCTORS LIMITED,521.0,119.0,1.0,0.0,22.8
NHS BIRMINGHAM AND SOLIHULL INTEGRATED CARE BOARD,BIRMINGHAM COMMUNITY HEALTHCARE NHS FOUNDATION TRUST,14919.0,3404.0,2.0,0.0,22.8
NHS COVENTRY AND WARWICKSHIRE INTEGRATED CARE BOARD,"NUFFIELD HEALTH, WARWICKSHIRE HOSPITAL",399.0,91.0,4.0,0.0,22.8
NHS SUSSEX INTEGRATED CARE BOARD,"NUFFIELD HEALTH, CHICHESTER HOSPITAL",427.0,97.0,1.0,0.0,22.7
NHS NORTH EAST AND NORTH CUMBRIA INTEGRATED CARE BOARD,GATESHEAD HEALTH NHS FOUNDATION TRUST,11572.0,2602.0,17.0,0.0,22.5
NHS GLOUCESTERSHIRE INTEGRATED CARE BOARD,NEWMEDICA - GLOUCESTER (BRIGHOUSE COURT),1386.0,307.0,3.0,0.0,22.2
NHS KENT AND MEDWAY INTEGRATED CARE BOARD,SPIRE ALEXANDRA HOSPITAL,1107.0,241.0,1.0,0.0,21.8
NHS NORTH EAST AND NORTH CUMBRIA INTEGRATED CARE BOARD,WOODLANDS HOSPITAL,2661.0,579.0,0.0,0.0,21.8
NHS SUFFOLK AND NORTH EAST ESSEX INTEGRATED CARE BOARD,OPTEGRA EYE HOSPITAL COLCHESTER,339.0,74.0,0.0,0.0,21.8
NHS HERTFORDSHIRE AND WEST ESSEX INTEGRATED CARE BOARD,NUFFIELD HEALTH THE HOLLY HOSPITAL,4143.0,896.0,11.0,6.0,21.6
NHS NORFOLK AND WAVENEY INTEGRATED CARE BOARD,SPIRE NORWICH HOSPITAL,957.0,207.0,1.0,0.0,21.6
NHS CAMBRIDGESHIRE AND PETERBOROUGH INTEGRATED CARE BOARD,ROYAL PAPWORTH HOSPITAL NHS FOUNDATION TRUST,5283.0,1121.0,24.0,0.0,21.2
"NHS BRISTOL, NORTH SOMERSET AND SOUTH GLOUCESTERSHIRE INTEGRATED CARE BOARD",PRACTICE PLUS GROUP HOSPITAL - EMERSONS GREEN,5173.0,1092.0,0.0,0.0,21.1
NHS GREATER MANCHESTER INTEGRATED CARE BOARD,NEWMEDICA - MANCHESTER WEST,344.0,71.0,0.0,0.0,20.6
NHS CHESHIRE AND MERSEYSIDE INTEGRATED CARE BOARD,LIVERPOOL HEART AND CHEST HOSPITAL NHS FOUNDATION TRUST,6034.0,1240.0,15.0,0.0,20.6
NHS NORTH EAST LONDON INTEGRATED CARE BOARD,LONDON INDEPENDENT HOSPITAL,3735.0,762.0,1.0,0.0,20.4
NHS NORTH EAST AND NORTH CUMBRIA INTEGRATED CARE BOARD,TYNESIDE SURGICAL SERVICES LTD,1417.0,287.0,1.0,0.0,20.3
NHS SURREY HEARTLANDS INTEGRATED CARE BOARD,"NUFFIELD HEALTH, WOKING HOSPITAL",328.0,66.0,19.0,0.0,20.1
"NHS BRISTOL, NORTH SOMERSET AND SOUTH GLOUCESTERSHIRE INTEGRATED CARE BOARD",NEWMEDICA - BRISTOL - LITFIELD HOUSE,402.0,80.0,0.0,0.0,19.9
NHS BIRMINGHAM AND SOLIHULL INTEGRATED CARE BOARD,PRACTICE PLUS GROUP HOSPITAL BIRMINGHAM,1404.0,279.0,0.0,0.0,19.9
NHS CAMBRIDGESHIRE AND PETERBOROUGH INTEGRATED CARE BOARD,ANGLIA COMMUNITY EYE SERVICE LTD,680.0,135.0,0.0,0.0,19.9
"NHS BRISTOL, NORTH SOMERSET AND SOUTH GLOUCESTERSHIRE INTEGRATED CARE BOARD",NEWMEDICA - LANGFORD,404.0,80.0,1.0,0.0,19.8
"NHS LEICESTER, LEICESTERSHIRE AND RUTLAND INTEGRATED CARE BOARD","NUFFIELD HEALTH, LEICESTER HOSPITAL",465.0,91.0,10.0,2.0,19.6
NHS NOTTINGHAM AND NOTTINGHAMSHIRE INTEGRATED CARE BOARD,SPIRE NOTTINGHAM HOSPITAL,695.0,135.0,1.0,0.0,19.4
"NHS BUCKINGHAMSHIRE, OXFORDSHIRE AND BERKSHIRE WEST INTEGRATED CARE BOARD",INHEALTH LIMITED,1014.0,195.0,0.0,0.0,19.2
"NHS BUCKINGHAMSHIRE, OXFORDSHIRE AND BERKSHIRE WEST INTEGRATED CARE BOARD",CHILTERN HOSPITAL,421.0,81.0,1.0,0.0,19.2
"NHS SHROPSHIRE, TELFORD AND WREKIN INTEGRATED CARE BOARD",SHROPSHIRE COMMUNITY HEALTH NHS TRUST,8103.0,1529.0,0.0,0.0,18.9
NHS NORTH WEST LONDON INTEGRATED CARE BOARD,BISHOPS WOOD HOSPITAL,521.0,98.0,0.0,0.0,18.8
"NHS BUCKINGHAMSHIRE, OXFORDSHIRE AND BERKSHIRE WEST INTEGRATED CARE BOARD",SPIRE DUNEDIN HOSPITAL,303.0,57.0,1.0,0.0,18.8
NHS SOMERSET INTEGRATED CARE BOARD,SPAMEDICA TAUNTON,788.0,148.0,0.0,0.0,18.8
NHS WEST YORKSHIRE INTEGRATED CARE BOARD,SPIRE LEEDS HOSPITAL,787.0,145.0,0.0,0.0,18.4
NHS NORFOLK AND WAVENEY INTEGRATED CARE BOARD,NORWICH & NORFOLK SURGICAL LTD (N2S),1127.0,206.0,0.0,0.0,18.3
NHS HUMBER AND NORTH YORKSHIRE INTEGRATED CARE BOARD,DUCHY HOSPITAL,289.0,53.0,0.0,0.0,18.3
NHS SURREY HEARTLANDS INTEGRATED CARE BOARD,RUNNYMEDE HOSPITAL,182.0,33.0,1.0,0.0,18.1
NHS WEST YORKSHIRE INTEGRATED CARE BOARD,SPIRE METHLEY PARK HOSPITAL,917.0,164.0,1.0,0.0,17.9
NHS KENT AND MEDWAY INTEGRATED CARE BOARD,ONE ASHFORD HOSPITAL,995.0,176.0,0.0,0.0,17.7
NHS COVENTRY AND WARWICKSHIRE INTEGRATED CARE BOARD,MERIDEN HOSPITAL,1834.0,324.0,0.0,0.0,17.7
NHS GREATER MANCHESTER INTEGRATED CARE BOARD,MANCHESTER SURGICAL SERVICES LTD,380.0,66.0,0.0,0.0,17.4
NHS KENT AND MEDWAY INTEGRATED CARE BOARD,BENENDEN HOSPITAL,1432.0,249.0,3.0,0.0,17.4
NHS NORTH EAST AND NORTH CUMBRIA INTEGRATED CARE BOARD,NORTHUMBRIA HEALTHCARE NHS FOUNDATION TRUST,37215.0,6419.0,0.0,0.0,17.2
NHS HUMBER AND NORTH YORKSHIRE INTEGRATED CARE BOARD,NEWMEDICA - HARROGATE,243.0,41.0,0.0,0.0,16.9
NHS SOUTH EAST LONDON INTEGRATED CARE BOARD,CHELSFIELD PARK HOSPITAL,768.0,129.0,0.0,0.0,16.8
"NHS SHROPSHIRE, TELFORD AND WREKIN INTEGRATED CARE BOARD","NUFFIELD HEALTH, SHREWSBURY HOSPITAL",462.0,77.0,0.0,0.0,16.7
NHS WEST YORKSHIRE INTEGRATED CARE BOARD,OPTEGRA YORKSHIRE EYE HOSPITAL,634.0,106.0,0.0,0.0,16.7
NHS LANCASHIRE AND SOUTH CUMBRIA INTEGRATED CARE BOARD,SPIRE FYLDE COAST HOSPITAL,3347.0,559.0,1.0,0.0,16.7
NHS WEST YORKSHIRE INTEGRATED CARE BOARD,NEWMEDICA - WAKEFIELD,609.0,102.0,1.0,0.0,16.7
NHS CHESHIRE AND MERSEYSIDE INTEGRATED CARE BOARD,SPIRE CHESHIRE HOSPITAL,1111.0,184.0,0.0,0.0,16.6
NHS BIRMINGHAM AND SOLIHULL INTEGRATED CARE BOARD,SPAMEDICA SOLIHULL,466.0,77.0,1.0,0.0,16.5
NHS HUMBER AND NORTH YORKSHIRE INTEGRATED CARE BOARD,CARE PLUS GROUP,185.0,30.0,0.0,0.0,16.2
"NHS BUCKINGHAMSHIRE, OXFORDSHIRE AND BERKSHIRE WEST INTEGRATED CARE BOARD",ROYAL BERKSHIRE NHS FOUNDATION TRUST,34676.0,5623.0,36.0,0.0,16.2
NHS KENT AND MEDWAY INTEGRATED CARE BOARD,KIMS HOSPITAL (NEWNHAM COURT),1377.0,215.0,7.0,0.0,15.6
"NHS BEDFORDSHIRE, LUTON AND MILTON KEYNES INTEGRATED CARE BOARD",ACES MILTON KEYNES,143.0,22.0,0.0,0.0,15.4
"NHS BATH AND NORTH EAST SOMERSET, SWINDON AND WILTSHIRE INTEGRATED CARE BOARD",ST MARTINS HOSPITAL,149.0,23.0,1.0,0.0,15.4
NHS HERTFORDSHIRE AND WEST ESSEX INTEGRATED CARE BOARD,SPIRE HARPENDEN HOSPITAL,907.0,140.0,0.0,0.0,15.4
NHS DEVON INTEGRATED CARE BOARD,PRACTICE PLUS GROUP HOSPITAL - PLYMOUTH,1571.0,239.0,4.0,0.0,15.2
NHS NORTH WEST LONDON INTEGRATED CARE BOARD,ACES WHITE CITY,107.0,16.0,0.0,0.0,15.0
NHS DEVON INTEGRATED CARE BOARD,EXETER MEDICAL,256.0,37.0,1.0,0.0,14.5
NHS NORTH CENTRAL LONDON INTEGRATED CARE BOARD,NUFFIELD HEALTH HIGHGATE HOSPITAL,956.0,137.0,9.0,0.0,14.3
NHS NORTH CENTRAL LONDON INTEGRATED CARE BOARD,MOORFIELDS EYE HOSPITAL NHS FOUNDATION TRUST,37769.0,5361.0,10.0,2.0,14.2
NHS CHESHIRE AND MERSEYSIDE INTEGRATED CARE BOARD,ISIGHT,1411.0,200.0,0.0,0.0,14.2
NHS HEREFORDSHIRE AND WORCESTERSHIRE INTEGRATED CARE BOARD,SPAMEDICA WORCESTER,370.0,52.0,0.0,0.0,14.1
NHS NORTHAMPTONSHIRE INTEGRATED CARE BOARD,NEWMEDICA - NORTHAMPTON,1404.0,197.0,3.0,0.0,14.0
NHS LANCASHIRE AND SOUTH CUMBRIA INTEGRATED CARE BOARD,SPAMEDICA BLACKPOOL,171.0,23.0,0.0,0.0,13.5
NHS NORTH CENTRAL LONDON INTEGRATED CARE BOARD,MEDEFER,246.0,33.0,0.0,0.0,13.4
NHS BIRMINGHAM AND SOLIHULL INTEGRATED CARE BOARD,SPAMEDICA BIRMINGHAM,785.0,103.0,0.0,0.0,13.1
NHS WEST YORKSHIRE INTEGRATED CARE BOARD,LOCALA COMMUNITY PARTNERSHIPS CIC,1249.0,161.0,1.0,0.0,12.9
NHS MID AND SOUTH ESSEX INTEGRATED CARE BOARD,SOUTHEND PRIVATE HOSPITAL,1038.0,133.0,0.0,0.0,12.8
"NHS BEDFORDSHIRE, LUTON AND MILTON KEYNES INTEGRATED CARE BOARD",SPAMEDICA LUTON,158.0,20.0,0.0,0.0,12.7
"NHS SHROPSHIRE, TELFORD AND WREKIN INTEGRATED CARE BOARD",SPAMEDICA TELFORD,384.0,46.0,0.0,0.0,12.0
NHS LANCASHIRE AND SOUTH CUMBRIA INTEGRATED CARE BOARD,COMMUNITY HEALTH AND EYECARE LIMITED,5310.0,615.0,0.0,0.0,11.6
NHS DEVON INTEGRATED CARE BOARD,SPAMEDICA EXETER,328.0,38.0,0.0,0.0,11.6
"NHS BRISTOL, NORTH SOMERSET AND SOUTH GLOUCESTERSHIRE INTEGRATED CARE BOARD",SOMERSET SURGICAL SERVICES HQ,1505.0,172.0,3.0,0.0,11.4
NHS WEST YORKSHIRE INTEGRATED CARE BOARD,NEWMEDICA COMMUNITY OPHTHALMOLOGY - LEEDS,645.0,72.0,0.0,0.0,11.2
NHS HAMPSHIRE AND ISLE OF WIGHT INTEGRATED CARE BOARD,SPAMEDICA PORTSMOUTH,196.0,22.0,0.0,0.0,11.2
NHS KENT AND MEDWAY INTEGRATED CARE BOARD,ACES DARTFORD,367.0,41.0,0.0,0.0,11.2
NHS HERTFORDSHIRE AND WEST ESSEX INTEGRATED CARE BOARD,SPIRE BUSHEY HOSPITAL,1249.0,138.0,0.0,0.0,11.0
NHS NORFOLK AND WAVENEY INTEGRATED CARE BOARD,NEWMEDICA - NORWICH,1611.0,176.0,1.0,0.0,10.9
NHS NORFOLK AND WAVENEY INTEGRATED CARE BOARD,ANGLIA COMMUNITY EYE SERVICE - THETFORD HEALTHY LIVING CENTRE,179.0,19.0,0.0,0.0,10.6
"NHS LEICESTER, LEICESTERSHIRE AND RUTLAND INTEGRATED CARE BOARD",NEWMEDICA LEICESTER,871.0,91.0,0.0,0.0,10.4
NHS HEREFORDSHIRE AND WORCESTERSHIRE INTEGRATED CARE BOARD,NEWMEDICA - BROMSGROVE,390.0,40.0,0.0,0.0,10.3
NHS NORTH EAST LONDON INTEGRATED CARE BOARD,SPAMEDICA DALSTON,397.0,41.0,0.0,0.0,10.3
NHS SUFFOLK AND NORTH EAST ESSEX INTEGRATED CARE BOARD,SPAMEDICA COLCHESTER,150.0,15.0,0.0,0.0,10.0
NHS CHESHIRE AND MERSEYSIDE INTEGRATED CARE BOARD,PHOENIX PUBLIC HEALTH LTD,145.0,14.0,1.0,0.0,9.7
"NHS BUCKINGHAMSHIRE, OXFORDSHIRE AND BERKSHIRE WEST INTEGRATED CARE BOARD",SPAMEDICA WOKINGHAM,236.0,23.0,1.0,0.0,9.7
NHS HAMPSHIRE AND ISLE OF WIGHT INTEGRATED CARE BOARD,HAMPSHIRE AND ISLE OF WIGHT HEALTHCARE NHS FOUNDATION TRUST,4364.0,413.0,0.0,0.0,9.5
NHS GREATER MANCHESTER INTEGRATED CARE BOARD,SPAMEDICA MANCHESTER,357.0,34.0,0.0,0.0,9.5
NHS NORFOLK AND WAVENEY INTEGRATED CARE BOARD,SPAMEDICA NORWICH,346.0,33.0,0.0,0.0,9.5
NHS KENT AND MEDWAY INTEGRATED CARE BOARD,SPAMEDICA SITTINGBOURNE,189.0,18.0,0.0,0.0,9.5
NHS KENT AND MEDWAY INTEGRATED CARE BOARD,PRACTICE PLUS GROUP SURGICAL CENTRE - GILLINGHAM,1030.0,98.0,6.0,2.0,9.5
NHS SUSSEX INTEGRATED CARE BOARD,SPAMEDICA BRIGHTON,215.0,20.0,0.0,0.0,9.3
NHS WEST YORKSHIRE INTEGRATED CARE BOARD,NEWMEDICA - BRADFORD & HUDDERSFIELD,685.0,64.0,0.0,0.0,9.3
NHS HEREFORDSHIRE AND WORCESTERSHIRE INTEGRATED CARE BOARD,NEWMEDICA - WORCESTER,814.0,76.0,0.0,0.0,9.3
NHS SOUTH EAST LONDON INTEGRATED CARE BOARD,SPAMEDICA BROMLEY,595.0,55.0,1.0,0.0,9.2
NHS SUFFOLK AND NORTH EAST ESSEX INTEGRATED CARE BOARD,NEWMEDICA - IPSWICH,1169.0,107.0,0.0,0.0,9.2
NHS DERBY AND DERBYSHIRE INTEGRATED CARE BOARD,NEWMEDICA - NORTH DERBYSHIRE - MIDLAND COURT,1241.0,112.0,0.0,0.0,9.0
NHS CHESHIRE AND MERSEYSIDE INTEGRATED CARE BOARD,SPAMEDICA LIVERPOOL,393.0,35.0,0.0,0.0,8.9
NHS CHESHIRE AND MERSEYSIDE INTEGRATED CARE BOARD,SPAMEDICA HAYDOCK,296.0,25.0,1.0,0.0,8.4
NHS MID AND SOUTH ESSEX INTEGRATED CARE BOARD,SPAMEDICA CHELMSFORD,801.0,66.0,0.0,0.0,8.2
NHS HUMBER AND NORTH YORKSHIRE INTEGRATED CARE BOARD,HCRG CARE DERMATOLOGY THE IRONSTONE CENTRE,1209.0,99.0,0.0,1.0,8.2
NHS NORTH EAST AND NORTH CUMBRIA INTEGRATED CARE BOARD,CORA HEALTH MSK (FORMERLY CONNECT HEALTH LTD),18453.0,1487.0,8.0,0.0,8.1
NHS COVENTRY AND WARWICKSHIRE INTEGRATED CARE BOARD,SPAMEDICA COVENTRY,507.0,41.0,0.0,0.0,8.1
NHS WEST YORKSHIRE INTEGRATED CARE BOARD,HUDDERSFIELD PRIVATE HOSPITAL,974.0,79.0,7.0,0.0,8.1
"NHS BUCKINGHAMSHIRE, OXFORDSHIRE AND BERKSHIRE WEST INTEGRATED CARE BOARD",SPAMEDICA OXFORD,177.0,14.0,0.0,0.0,7.9
NHS SOUTH WEST LONDON INTEGRATED CARE BOARD,SPIRE ST ANTHONY'S HOSPITAL,1064.0,83.0,3.0,0.0,7.8
NHS HERTFORDSHIRE AND WEST ESSEX INTEGRATED CARE BOARD,NEWMEDICA - HERTFORSHIRE - WELWYN GARDEN CITY,832.0,65.0,0.0,0.0,7.8
"NHS BRISTOL, NORTH SOMERSET AND SOUTH GLOUCESTERSHIRE INTEGRATED CARE BOARD",SPAMEDICA BRISTOL,156.0,12.0,1.0,0.0,7.7
"NHS LEICESTER, LEICESTERSHIRE AND RUTLAND INTEGRATED CARE BOARD",THE STONEYGATE EYE HOSPITAL,674.0,52.0,0.0,0.0,7.7
NHS GREATER MANCHESTER INTEGRATED CARE BOARD,LANCASTER HOUSE CONSULTING DIAGNOSTICS SURGICAL LTD HQ,1200.0,91.0,0.0,0.0,7.6
NHS NORTH EAST AND NORTH CUMBRIA INTEGRATED CARE BOARD,SPAMEDICA STOCKTON-ON-TEES,462.0,35.0,0.0,0.0,7.6
NHS DEVON INTEGRATED CARE BOARD,PLYMOUTH NEWMEDICA LTD,537.0,41.0,1.0,0.0,7.6
NHS NOTTINGHAM AND NOTTINGHAMSHIRE INTEGRATED CARE BOARD,NEWMEDICA - WORKSOP - DUKERIES,162.0,12.0,0.0,0.0,7.4
NHS BLACK COUNTRY INTEGRATED CARE BOARD,SPAMEDICA WOLVERHAMPTON,661.0,49.0,0.0,0.0,7.4
NHS WEST YORKSHIRE INTEGRATED CARE BOARD,SPAMEDICA BRADFORD,179.0,13.0,0.0,0.0,7.3
NHS CAMBRIDGESHIRE AND PETERBOROUGH INTEGRATED CARE BOARD,SPAMEDICA CAMBRIDGE,524.0,38.0,0.0,0.0,7.3
NHS CHESHIRE AND MERSEYSIDE INTEGRATED CARE BOARD,SPAMEDICA CHESTER,206.0,15.0,0.0,0.0,7.3
NHS NORTH WEST LONDON INTEGRATED CARE BOARD,SPAMEDICA WEMBLEY,391.0,28.0,0.0,0.0,7.2
NHS STAFFORDSHIRE AND STOKE-ON-TRENT INTEGRATED CARE BOARD,MIDLANDS PARTNERSHIP UNIVERSITY NHS FOUNDATION TRUST,8953.0,643.0,0.0,0.0,7.2
NHS NOTTINGHAM AND NOTTINGHAMSHIRE INTEGRATED CARE BOARD,SPAMEDICA NEWARK,540.0,38.0,5.0,0.0,7.0
NHS BIRMINGHAM AND SOLIHULL INTEGRATED CARE BOARD,NEWMEDICA - BIRMINGHAM,949.0,65.0,0.0,0.0,6.8
NHS NORTH EAST LONDON INTEGRATED CARE BOARD,SPAMEDICA ROMFORD,793.0,53.0,0.0,0.0,6.7
NHS LANCASHIRE AND SOUTH CUMBRIA INTEGRATED CARE BOARD,SPAMEDICA PRESTON,299.0,20.0,0.0,0.0,6.7
NHS HUMBER AND NORTH YORKSHIRE INTEGRATED CARE BOARD,SPAMEDICA HULL,327.0,21.0,0.0,0.0,6.4
NHS SUSSEX INTEGRATED CARE BOARD,SPAMEDICA BEXHILL,175.0,11.0,0.0,0.0,6.3
NHS WEST YORKSHIRE INTEGRATED CARE BOARD,SPAMEDICA LEEDS,271.0,17.0,0.0,0.0,6.3
NHS NORFOLK AND WAVENEY INTEGRATED CARE BOARD,ANGLIA COMMUNITY EYE SERVICES FAKENHAM,224.0,14.0,0.0,0.0,6.2
NHS GLOUCESTERSHIRE INTEGRATED CARE BOARD,TETBURY HOSPITAL TRUST LTD,257.0,16.0,0.0,0.0,6.2
NHS BIRMINGHAM AND SOLIHULL INTEGRATED CARE BOARD,MIDLAND EYE (EYE-DOCS LTD),643.0,40.0,0.0,0.0,6.2
NHS CAMBRIDGESHIRE AND PETERBOROUGH INTEGRATED CARE BOARD,SPAMEDICA PETERBOROUGH,504.0,31.0,0.0,0.0,6.2
NHS GREATER MANCHESTER INTEGRATED CARE BOARD,SPAMEDICA OLDHAM,628.0,39.0,0.0,0.0,6.2
NHS WEST YORKSHIRE INTEGRATED CARE BOARD,SPAMEDICA EYE HOSPITAL (WAKEFIELD),561.0,35.0,0.0,0.0,6.2
NHS NORTH CENTRAL LONDON INTEGRATED CARE BOARD,THE NEW FOSCOTE HOSPITAL LTD,342.0,21.0,0.0,0.0,6.1
NHS LANCASHIRE AND SOUTH CUMBRIA INTEGRATED CARE BOARD,LANCASHIRE & SOUTH CUMBRIA NHS FOUNDATION TRUST,4033.0,233.0,0.0,0.0,5.8
NHS NORTH EAST AND NORTH CUMBRIA INTEGRATED CARE BOARD,SPAMEDICA CARLISLE,738.0,42.0,0.0,0.0,5.7
"NHS BEDFORDSHIRE, LUTON AND MILTON KEYNES INTEGRATED CARE BOARD",SPAMEDICA BEDFORD,251.0,14.0,0.0,0.0,5.6
NHS GREATER MANCHESTER INTEGRATED CARE BOARD,SPAMEDICA SALE,203.0,11.0,0.0,0.0,5.4
NHS STAFFORDSHIRE AND STOKE-ON-TRENT INTEGRATED CARE BOARD,OPTEGRA EYE HOSPITAL UTTOXETER,258.0,14.0,0.0,0.0,5.4
NHS NORTH WEST LONDON INTEGRATED CARE BOARD,THE ROYAL MARSDEN NHS FOUNDATION TRUST,1962.0,104.0,2.0,0.0,5.3
NHS DORSET INTEGRATED CARE BOARD,SPAMEDICA POOLE,998.0,52.0,0.0,0.0,5.2
NHS NORTH EAST AND NORTH CUMBRIA INTEGRATED CARE BOARD,NEWMEDICA - TEESSIDE - NORTH ORMESBY,1369.0,71.0,0.0,0.0,5.2
NHS NORTH WEST LONDON INTEGRATED CARE BOARD,OPTEGRA EYE HOSPITAL WEST LONDON,560.0,29.0,0.0,0.0,5.2
NHS NORTH EAST AND NORTH CUMBRIA INTEGRATED CARE BOARD,SPAMEDICA GATESHEAD,509.0,26.0,0.0,0.0,5.1
NHS CHESHIRE AND MERSEYSIDE INTEGRATED CARE BOARD,SPIRE REGENCY HOSPITAL,2057.0,104.0,0.0,0.0,5.1
NHS CORNWALL AND THE ISLES OF SCILLY INTEGRATED CARE BOARD,PROBUS SURGICAL CENTRE,828.0,41.0,0.0,0.0,5.0
NHS DEVON INTEGRATED CARE BOARD,NEWMEDICA - EXETER - GLEN HOUSE,383.0,19.0,0.0,0.0,5.0
NHS SOUTH YORKSHIRE INTEGRATED CARE BOARD,SPAMEDICA SHEFFIELD,379.0,19.0,0.0,0.0,5.0
NHS CHESHIRE AND MERSEYSIDE INTEGRATED CARE BOARD,SPAMEDICA WIRRAL,358.0,18.0,0.0,0.0,5.0
"NHS BATH AND NORTH EAST SOMERSET, SWINDON AND WILTSHIRE INTEGRATED CARE BOARD",INDEPENDENT HEALTH GROUP,1091.0,55.0,0.0,0.0,5.0
NHS GREATER MANCHESTER INTEGRATED CARE BOARD,BEACON MEDICAL SERVICES GROUP LIMITED,4433.0,212.0,0.0,0.0,4.8
NHS DERBY AND DERBYSHIRE INTEGRATED CARE BOARD,SPAMEDICA DERBY,476.0,23.0,0.0,0.0,4.8
NHS SUFFOLK AND NORTH EAST ESSEX INTEGRATED CARE BOARD,NEWMEDICA SUFFOLK - BURY ST EDMUNDS - CLARITY HOUSE,642.0,31.0,0.0,0.0,4.8
NHS HERTFORDSHIRE AND WEST ESSEX INTEGRATED CARE BOARD,SPAMEDICA WATFORD,380.0,18.0,0.0,0.0,4.7
NHS SOUTH YORKSHIRE INTEGRATED CARE BOARD,OPTEGRA EYE HOSPITAL SHEFFIELD,258.0,12.0,0.0,0.0,4.7
NHS LANCASHIRE AND SOUTH CUMBRIA INTEGRATED CARE BOARD,SPAMEDICA KENDAL,447.0,21.0,0.0,0.0,4.7
"NHS BUCKINGHAMSHIRE, OXFORDSHIRE AND BERKSHIRE WEST INTEGRATED CARE BOARD",NEWMEDICA - OXFORDSHIRE,815.0,38.0,0.0,0.0,4.7
NHS CHESHIRE AND MERSEYSIDE INTEGRATED CARE BOARD,SPAMEDICA WIDNES,283.0,13.0,0.0,0.0,4.6
NHS SOUTH WEST LONDON INTEGRATED CARE BOARD,SPAMEDICA CROYDON,157.0,7.0,0.0,0.0,4.5
NHS CORNWALL AND THE ISLES OF SCILLY INTEGRATED CARE BOARD,SPAMEDICA TRURO,308.0,14.0,0.0,0.0,4.5
NHS NORTH CENTRAL LONDON INTEGRATED CARE BOARD,OPTEGRA LONDON EYE HOSPITAL,874.0,38.0,0.0,0.0,4.3
NHS DORSET INTEGRATED CARE BOARD,SPAMEDICA DORCHESTER,494.0,21.0,0.0,0.0,4.3
NHS WEST YORKSHIRE INTEGRATED CARE BOARD,NOVUS HEALTH LTD,765.0,33.0,0.0,0.0,4.3
"NHS SHROPSHIRE, TELFORD AND WREKIN INTEGRATED CARE BOARD",NEWMEDICA - SHREWSBURY,466.0,20.0,2.0,0.0,4.3
NHS SOUTH YORKSHIRE INTEGRATED CARE BOARD,SPAMEDICA DONCASTER,253.0,11.0,0.0,0.0,4.3
NHS NORTH EAST AND NORTH CUMBRIA INTEGRATED CARE BOARD,NEWCASTLE NEWMEDICA LTD,895.0,38.0,0.0,0.0,4.2
"NHS LEICESTER, LEICESTERSHIRE AND RUTLAND INTEGRATED CARE BOARD",OPTEGRA EYE HOSPITAL LEICESTER,121.0,5.0,0.0,0.0,4.1
NHS BIRMINGHAM AND SOLIHULL INTEGRATED CARE BOARD,OPTEGRA (BIRMINGHAM EYE HOSPITAL),682.0,28.0,0.0,0.0,4.1
NHS GREATER MANCHESTER INTEGRATED CARE BOARD,SPAMEDICA BOLTON,698.0,28.0,1.0,0.0,4.0
NHS NORTH EAST AND NORTH CUMBRIA INTEGRATED CARE BOARD,SPAMEDICA NORTH TYNESIDE,425.0,16.0,0.0,0.0,3.8
NHS GREATER MANCHESTER INTEGRATED CARE BOARD,PRACTICE PLUS GROUP OPHTHALMOLOGY - NORTH WEST,1585.0,59.0,0.0,0.0,3.7
NHS NOTTINGHAM AND NOTTINGHAMSHIRE INTEGRATED CARE BOARD,NEWMEDICA - NOTTINGHAM,634.0,23.0,1.0,0.0,3.6
NHS CHESHIRE AND MERSEYSIDE INTEGRATED CARE BOARD,THE CLATTERBRIDGE CANCER CENTRE NHS FOUNDATION TRUST,727.0,26.0,0.0,0.0,3.6
NHS WEST YORKSHIRE INTEGRATED CARE BOARD,SOUTH WEST YORKSHIRE PARTNERSHIP NHS FOUNDATION TRUST,4316.0,154.0,0.0,0.0,3.6
NHS WEST YORKSHIRE INTEGRATED CARE BOARD,PHOENIX HEALTH SOLUTIONS LIMITED HQ,589.0,21.0,0.0,0.0,3.6
NHS HAMPSHIRE AND ISLE OF WIGHT INTEGRATED CARE BOARD,PRACTICE PLUS GROUP SURGICAL CENTRE - ST MARYS PORTSMOUTH,1863.0,65.0,0.0,0.0,3.5
NHS SOUTH EAST LONDON INTEGRATED CARE BOARD,DMC HEALTHCARE,1227.0,42.0,0.0,1.0,3.4
NHS SURREY HEARTLANDS INTEGRATED CARE BOARD,SPAMEDICA EPSOM,336.0,11.0,0.0,0.0,3.3
NHS GREATER MANCHESTER INTEGRATED CARE BOARD,THE CHRISTIE NHS FOUNDATION TRUST,3066.0,90.0,0.0,0.0,2.9
"NHS LEICESTER, LEICESTERSHIRE AND RUTLAND INTEGRATED CARE BOARD",SPAMEDICA LEICESTER,340.0,10.0,0.0,0.0,2.9
NHS DERBY AND DERBYSHIRE INTEGRATED CARE BOARD,SPAMEDICA CHESTERFIELD,178.0,5.0,0.0,0.0,2.8
NHS SURREY HEARTLANDS INTEGRATED CARE BOARD,FIRST COMMUNITY HEALTH AND CARE CIC,860.0,24.0,0.0,0.0,2.8
NHS GREATER MANCHESTER INTEGRATED CARE BOARD,HEART NETWORKS,993.0,27.0,0.0,0.0,2.7
NHS STAFFORDSHIRE AND STOKE-ON-TRENT INTEGRATED CARE BOARD,SPAMEDICA NEWCASTLE-UNDER-LYME,315.0,7.0,0.0,0.0,2.2
NHS CORNWALL AND THE ISLES OF SCILLY INTEGRATED CARE BOARD,CORNWALL PARTNERSHIP NHS FOUNDATION TRUST,649.0,14.0,0.0,0.0,2.2
NHS HUMBER AND NORTH YORKSHIRE INTEGRATED CARE BOARD,OPTEGRA EYE HOSPITAL YORK,472.0,9.0,0.0,0.0,1.9
NHS NORTH EAST AND NORTH CUMBRIA INTEGRATED CARE BOARD,OPTEGRA EYE HOSPITAL NEWCASTLE,436.0,7.0,0.0,0.0,1.6
NHS NORTH EAST AND NORTH CUMBRIA INTEGRATED CARE BOARD,"CUMBRIA, NORTHUMBERLAND, TYNE AND WEAR NHS FOUNDATION TRUST",153.0,2.0,0.0,0.0,1.3
NHS GREATER MANCHESTER INTEGRATED CARE BOARD,OPTEGRA (MANCHESTER EYE HOSPITAL),814.0,10.0,0.0,0.0,1.2
NHS LANCASHIRE AND SOUTH CUMBRIA INTEGRATED CARE BOARD,OPTEGRA EYE HOSPITAL PRESTON,233.0,2.0,0.0,0.0,0.9
"NHS BATH AND NORTH EAST SOMERSET, SWINDON AND WILTSHIRE INTEGRATED CARE BOARD",COTSWOLDS SURGICAL PARTNERS,294.0,2.0,0.0,0.0,0.7
NHS NORTH WEST LONDON INTEGRATED CARE BOARD,CLEMENTINE CHURCHILL HOSPITAL,2005.0,8.0,0.0,0.0,0.4
NHS KENT AND MEDWAY INTEGRATED CARE BOARD,KENT COMMUNITY HEALTH NHS FOUNDATION TRUST,4391.0,4.0,0.0,0.0,0.1
"NHS BRISTOL, NORTH SOMERSET AND SOUTH GLOUCESTERSHIRE INTEGRATED CARE BOARD",COHESE HEALTHCARE,951.0,1.0,0.0,0.0,0.1
NHS SUSSEX INTEGRATED CARE BOARD,OPTEGRA EYE HOSPITAL BRIGHTON,758.0,1.0,0.0,0.0,0.1
NHS WEST YORKSHIRE INTEGRATED CARE BOARD,THE GRANGE MEDICAL CENTRE HQ,237.0,0.0,0.0,0.0,0.0
NHS WEST YORKSHIRE INTEGRATED CARE BOARD,THE LIVING CARE GROUP,232.0,0.0,0.0,0.0,0.0
NHS FRIMLEY INTEGRATED CARE BOARD,BERKSHIRE HEALTHCARE NHS FOUNDATION TRUST,100.0,0.0,0.0,0.0,0.0
NHS SOMERSET INTEGRATED CARE BOARD,ABOUT HEALTH HQ,1635.0,0.0,0.0,0.0,0.0
NHS SUFFOLK AND NORTH EAST ESSEX INTEGRATED CARE BOARD,PROVIDE ENTERPRISES,152.0,0.0,0.0,0.0,0.0
NHS HAMPSHIRE AND ISLE OF WIGHT INTEGRATED CARE BOARD,RAPID INVESTIGATION SERVICE,104.0,0.0,0.0,0.0,0.0
NHS SURREY HEARTLANDS INTEGRATED CARE BOARD,OPTEGRA (SURREY EYE HOSPITAL),859.0,0.0,0.0,0.0,0.0
NHS HAMPSHIRE AND ISLE OF WIGHT INTEGRATED CARE BOARD,OPTEGRA (SOLENT EYE HOSPITAL),647.0,0.0,0.0,0.0,0.0
NHS KENT AND MEDWAY INTEGRATED CARE BOARD,OPTEGRA EYE HOSPITAL MAIDSTONE,472.0,0.0,0.0,0.0,0.0
